subj,condition,prev_condition,count,cond_prop
0,fast_right,fast_right,43,0.3359375
0,fast_right,slow_right,18,0.140625
0,fast_right,fast_left,47,0.3671875
0,fast_right,slow_left,20,0.15625
0,slow_right,fast_right,13,0.15853658536585366
0,slow_right,slow_right,28,0.34146341463414637
0,slow_right,fast_left,9,0.10975609756097561
0,slow_right,slow_left,32,0.3902439024390244
0,fast_left,fast_right,35,0.2966101694915254
0,fast_left,slow_right,15,0.1271186440677966
0,fast_left,fast_left,31,0.2627118644067797
0,fast_left,slow_left,37,0.3135593220338983
0,slow_left,fast_right,31,0.26495726495726496
0,slow_left,slow_right,23,0.19658119658119658
0,slow_left,fast_left,20,0.17094017094017094
0,slow_left,slow_left,43,0.36752136752136755
1,fast_right,fast_right,7,0.06481481481481481
1,fast_right,slow_right,3,0.027777777777777776
1,fast_right,fast_left,78,0.7222222222222222
1,fast_right,slow_left,20,0.18518518518518517
1,slow_right,fast_right,9,0.11842105263157894
1,slow_right,slow_right,20,0.2631578947368421
1,slow_right,fast_left,16,0.21052631578947367
1,slow_right,slow_left,31,0.40789473684210525
1,fast_left,fast_right,65,0.3551912568306011
1,fast_left,slow_right,18,0.09836065573770492
1,fast_left,fast_left,71,0.3879781420765027
1,fast_left,slow_left,29,0.15846994535519127
1,slow_left,fast_right,24,0.11650485436893204
1,slow_left,slow_right,53,0.25728155339805825
1,slow_left,fast_left,42,0.20388349514563106
1,slow_left,slow_left,87,0.4223300970873786
2,fast_right,fast_right,12,0.2727272727272727
2,fast_right,slow_right,8,0.18181818181818182
2,fast_right,fast_left,15,0.3409090909090909
2,fast_right,slow_left,9,0.20454545454545456
2,slow_right,fast_right,18,0.27692307692307694
2,slow_right,slow_right,17,0.26153846153846155
2,slow_right,fast_left,18,0.27692307692307694
2,slow_right,slow_left,12,0.18461538461538463
2,fast_left,fast_right,11,0.08029197080291971
2,fast_left,slow_right,29,0.2116788321167883
2,fast_left,fast_left,51,0.3722627737226277
2,fast_left,slow_left,46,0.3357664233576642
2,slow_left,fast_right,20,0.18181818181818182
2,slow_left,slow_right,17,0.15454545454545454
2,slow_left,fast_left,39,0.35454545454545455
2,slow_left,slow_left,34,0.3090909090909091
3,fast_right,fast_right,16,0.17582417582417584
3,fast_right,slow_right,17,0.18681318681318682
3,fast_right,fast_left,34,0.37362637362637363
3,fast_right,slow_left,24,0.26373626373626374
3,slow_right,fast_right,22,0.19469026548672566
3,slow_right,slow_right,45,0.39823008849557523
3,slow_right,fast_left,15,0.13274336283185842
3,slow_right,slow_left,31,0.2743362831858407
3,fast_left,fast_right,32,0.19047619047619047
3,fast_left,slow_right,23,0.13690476190476192
3,fast_left,fast_left,79,0.47023809523809523
3,fast_left,slow_left,34,0.20238095238095238
3,slow_left,fast_right,14,0.0979020979020979
3,slow_left,slow_right,28,0.1958041958041958
3,slow_left,fast_left,46,0.32167832167832167
3,slow_left,slow_left,55,0.38461538461538464
4,fast_right,fast_right,22,0.5116279069767442
4,fast_right,slow_right,9,0.20930232558139536
4,fast_right,fast_left,7,0.16279069767441862
4,fast_right,slow_left,5,0.11627906976744186
4,slow_right,fast_right,8,0.14285714285714285
4,slow_right,slow_right,17,0.30357142857142855
4,slow_right,fast_left,17,0.30357142857142855
4,slow_right,slow_left,14,0.25
4,fast_left,fast_right,14,0.1111111111111111
4,fast_left,slow_right,16,0.12698412698412698
4,fast_left,fast_left,65,0.5158730158730159
4,fast_left,slow_left,31,0.24603174603174602
4,slow_left,fast_right,10,0.0970873786407767
4,slow_left,slow_right,26,0.2524271844660194
4,slow_left,fast_left,27,0.2621359223300971
4,slow_left,slow_left,40,0.3883495145631068
5,fast_right,fast_right,6,0.25
5,fast_right,slow_right,3,0.125
5,fast_right,fast_left,12,0.5
5,fast_right,slow_left,3,0.125
5,slow_right,fast_right,3,0.0379746835443038
5,slow_right,slow_right,32,0.4050632911392405
5,slow_right,fast_left,11,0.13924050632911392
5,slow_right,slow_left,33,0.4177215189873418
5,fast_left,fast_right,8,0.041237113402061855
5,fast_left,slow_right,5,0.02577319587628866
5,fast_left,fast_left,149,0.7680412371134021
5,fast_left,slow_left,32,0.16494845360824742
5,slow_left,fast_right,2,0.016129032258064516
5,slow_left,slow_right,31,0.25
5,slow_left,fast_left,23,0.18548387096774194
5,slow_left,slow_left,68,0.5483870967741935
6,fast_right,fast_right,16,0.23880597014925373
6,fast_right,slow_right,13,0.19402985074626866
6,fast_right,fast_left,26,0.3880597014925373
6,fast_right,slow_left,12,0.1791044776119403
6,slow_right,fast_right,16,0.18604651162790697
6,slow_right,slow_right,28,0.32558139534883723
6,slow_right,fast_left,23,0.26744186046511625
6,slow_right,slow_left,19,0.22093023255813954
6,fast_left,fast_right,24,0.2696629213483146
6,fast_left,slow_right,16,0.1797752808988764
6,fast_left,fast_left,27,0.30337078651685395
6,fast_left,slow_left,22,0.24719101123595505
6,slow_left,fast_right,10,0.13157894736842105
6,slow_left,slow_right,25,0.32894736842105265
6,slow_left,fast_left,20,0.2631578947368421
6,slow_left,slow_left,21,0.27631578947368424
7,fast_right,fast_right,59,0.45038167938931295
7,fast_right,slow_right,26,0.1984732824427481
7,fast_right,fast_left,28,0.21374045801526717
7,fast_right,slow_left,18,0.13740458015267176
7,slow_right,fast_right,31,0.2980769230769231
7,slow_right,slow_right,37,0.3557692307692308
7,slow_right,fast_left,12,0.11538461538461539
7,slow_right,slow_left,24,0.23076923076923078
7,fast_left,fast_right,30,0.33707865168539325
7,fast_left,slow_right,13,0.14606741573033707
7,fast_left,fast_left,23,0.25842696629213485
7,fast_left,slow_left,23,0.25842696629213485
7,slow_left,fast_right,27,0.21774193548387097
7,slow_left,slow_right,27,0.21774193548387097
7,slow_left,fast_left,20,0.16129032258064516
7,slow_left,slow_left,50,0.4032258064516129
8,fast_right,fast_right,21,0.3387096774193548
8,fast_right,slow_right,28,0.45161290322580644
8,fast_right,fast_left,8,0.12903225806451613
8,fast_right,slow_left,5,0.08064516129032258
8,slow_right,fast_right,19,0.20430107526881722
8,slow_right,slow_right,40,0.43010752688172044
8,slow_right,fast_left,13,0.13978494623655913
8,slow_right,slow_left,21,0.22580645161290322
8,fast_left,fast_right,12,0.06060606060606061
8,fast_left,slow_right,11,0.05555555555555555
8,fast_left,fast_left,101,0.51010101010101
8,fast_left,slow_left,74,0.37373737373737376
8,slow_left,fast_right,19,0.1
8,slow_left,slow_right,19,0.1
8,slow_left,fast_left,79,0.41578947368421054
8,slow_left,slow_left,73,0.38421052631578945
9,fast_right,fast_right,22,0.1864406779661017
9,fast_right,slow_right,14,0.11864406779661017
9,fast_right,fast_left,53,0.4491525423728814
9,fast_right,slow_left,29,0.2457627118644068
9,slow_right,fast_right,15,0.13157894736842105
9,slow_right,slow_right,29,0.2543859649122807
9,slow_right,fast_left,29,0.2543859649122807
9,slow_right,slow_left,41,0.35964912280701755
9,fast_left,fast_right,52,0.38235294117647056
9,fast_left,slow_right,35,0.25735294117647056
9,fast_left,fast_left,29,0.21323529411764705
9,fast_left,slow_left,20,0.14705882352941177
9,slow_left,fast_right,32,0.22857142857142856
9,slow_left,slow_right,51,0.36428571428571427
9,slow_left,fast_left,21,0.15
9,slow_left,slow_left,36,0.2571428571428571
10,fast_right,fast_right,16,0.2909090909090909
10,fast_right,slow_right,8,0.14545454545454545
10,fast_right,fast_left,22,0.4
10,fast_right,slow_left,9,0.16363636363636364
10,slow_right,fast_right,13,0.14942528735632185
10,slow_right,slow_right,24,0.27586206896551724
10,slow_right,fast_left,26,0.2988505747126437
10,slow_right,slow_left,24,0.27586206896551724
10,fast_left,fast_right,20,0.14814814814814814
10,fast_left,slow_right,23,0.17037037037037037
10,fast_left,fast_left,57,0.4222222222222222
10,fast_left,slow_left,35,0.25925925925925924
10,slow_left,fast_right,11,0.10185185185185185
10,slow_left,slow_right,34,0.3148148148148148
10,slow_left,fast_left,26,0.24074074074074073
10,slow_left,slow_left,37,0.3425925925925926
11,fast_right,fast_right,20,0.39215686274509803
11,fast_right,slow_right,11,0.21568627450980393
11,fast_right,fast_left,11,0.21568627450980393
11,fast_right,slow_left,9,0.17647058823529413
11,slow_right,fast_right,11,0.21568627450980393
11,slow_right,slow_right,18,0.35294117647058826
11,slow_right,fast_left,13,0.2549019607843137
11,slow_right,slow_left,9,0.17647058823529413
11,fast_left,fast_right,11,0.12643678160919541
11,fast_left,slow_right,6,0.06896551724137931
11,fast_left,fast_left,47,0.5402298850574713
11,fast_left,slow_left,23,0.26436781609195403
11,slow_left,fast_right,17,0.2
11,slow_left,slow_right,18,0.21176470588235294
11,slow_left,fast_left,22,0.25882352941176473
11,slow_left,slow_left,28,0.32941176470588235
12,fast_right,fast_right,36,0.43902439024390244
12,fast_right,slow_right,13,0.15853658536585366
12,fast_right,fast_left,23,0.2804878048780488
12,fast_right,slow_left,10,0.12195121951219512
12,slow_right,fast_right,23,0.2911392405063291
12,slow_right,slow_right,25,0.31645569620253167
12,slow_right,fast_left,8,0.10126582278481013
12,slow_right,slow_left,23,0.2911392405063291
12,fast_left,fast_right,21,0.3333333333333333
12,fast_left,slow_right,12,0.19047619047619047
12,fast_left,fast_left,17,0.2698412698412698
12,fast_left,slow_left,13,0.20634920634920634
12,slow_left,fast_right,8,0.13333333333333333
12,slow_left,slow_right,25,0.4166666666666667
12,slow_left,fast_left,9,0.15
12,slow_left,slow_left,18,0.3
13,fast_right,fast_right,27,0.20610687022900764
13,fast_right,slow_right,11,0.08396946564885496
13,fast_right,fast_left,59,0.45038167938931295
13,fast_right,slow_left,34,0.2595419847328244
13,slow_right,fast_right,19,0.125
13,slow_right,slow_right,39,0.2565789473684211
13,slow_right,fast_left,43,0.28289473684210525
13,slow_right,slow_left,51,0.3355263157894737
13,fast_left,fast_right,45,0.24456521739130435
13,fast_left,slow_right,47,0.2554347826086957
13,fast_left,fast_left,44,0.2391304347826087
13,fast_left,slow_left,48,0.2608695652173913
13,slow_left,fast_right,32,0.18604651162790697
13,slow_left,slow_right,54,0.313953488372093
13,slow_left,fast_left,39,0.22674418604651161
13,slow_left,slow_left,47,0.27325581395348836
