subj,condition,prev_condition,cond_prop
0,fast_right,fast_right,0.2566149743649817
0,fast_right,slow_right,0.25035316060695656
0,fast_right,fast_left,0.2497994640525043
0,fast_right,slow_left,0.24323240097555732
0,slow_right,fast_right,0.26191688272078834
0,slow_right,slow_right,0.25257088853374937
0,slow_right,fast_left,0.2419828488103073
0,slow_right,slow_left,0.24352937993515492
0,fast_left,fast_right,0.2543522900600413
0,fast_left,slow_right,0.255791693337923
0,fast_left,fast_left,0.24479490399420117
0,fast_left,slow_left,0.24506111260783456
0,slow_left,fast_right,0.25892520264834923
0,slow_left,slow_right,0.2587671467182338
0,slow_left,fast_left,0.24446920106521872
0,slow_left,slow_left,0.23783844956819813
1,fast_right,fast_right,0.19016496349058976
1,fast_right,slow_right,0.24943212255838587
1,fast_right,fast_left,0.3168347247735811
1,fast_right,slow_left,0.24356818917744325
1,slow_right,fast_right,0.18984185983144278
1,slow_right,slow_right,0.250494483720518
1,slow_right,fast_left,0.31427089664497726
1,slow_right,slow_left,0.24539275980306194
1,fast_left,fast_right,0.18613449158062562
1,fast_left,slow_right,0.25618919400616535
1,fast_left,fast_left,0.3158413269256647
1,fast_left,slow_left,0.24183498748754423
1,slow_left,fast_right,0.19340922477911263
1,slow_left,slow_right,0.2563216048094504
1,slow_left,fast_left,0.3113279974538601
1,slow_left,slow_left,0.2389411729575769
2,fast_right,fast_right,0.21601988581177903
2,fast_right,slow_right,0.25725570718281865
2,fast_right,fast_left,0.28669941136866706
2,fast_right,slow_left,0.24002499563673527
2,slow_right,fast_right,0.2213048869884873
2,slow_right,slow_right,0.2534612081928693
2,slow_right,fast_left,0.2863041541922219
2,slow_right,slow_left,0.23892975062642147
2,fast_left,fast_right,0.21306666914246225
2,fast_left,slow_right,0.2619170279132322
2,fast_left,fast_left,0.2873575738819067
2,fast_left,slow_left,0.23765872906239888
2,slow_left,fast_right,0.2186421702984817
2,slow_left,slow_right,0.25777116205983536
2,slow_left,fast_left,0.286326916572398
2,slow_left,slow_left,0.2372597510692849
3,fast_right,fast_right,0.20244418563697417
3,fast_right,slow_right,0.25207498157243896
3,fast_right,fast_left,0.2994740072899803
3,fast_right,slow_left,0.2460068255006065
3,slow_right,fast_right,0.20402557990243872
3,slow_right,slow_right,0.2500517393777212
3,slow_right,fast_left,0.3018306828606847
3,slow_right,slow_left,0.2440919978591554
3,fast_left,fast_right,0.20302753234923984
3,fast_left,slow_right,0.25671524189695916
3,fast_left,fast_left,0.300870923886112
3,fast_left,slow_left,0.23938630186768908
3,slow_left,fast_right,0.2040775172311418
3,slow_left,slow_right,0.25372677192129556
3,slow_left,fast_left,0.2991950092139394
3,slow_left,slow_left,0.24300070163362336
4,fast_right,fast_right,0.1306081083849969
4,fast_right,slow_right,0.2472454278367358
4,fast_right,fast_left,0.37713743700019975
4,fast_right,slow_left,0.24500902677806763
4,slow_right,fast_right,0.13670337317098247
4,slow_right,slow_right,0.25038422032729196
4,slow_right,fast_left,0.3680320600274583
4,slow_right,slow_left,0.24488034647426718
4,fast_left,fast_right,0.13426580863789728
4,fast_left,slow_right,0.25214493586005354
4,fast_left,fast_left,0.369046163702749
4,fast_left,slow_left,0.24454309179930014
4,slow_left,fast_right,0.14072350834014932
4,slow_left,slow_right,0.24367871707555008
4,slow_left,fast_left,0.36277671952501495
4,slow_left,slow_left,0.25282105505928565
5,fast_right,fast_right,0.07672047717618122
5,fast_right,slow_right,0.2404636065219123
5,fast_right,fast_left,0.4233083271850425
5,fast_right,slow_left,0.25950758911686395
5,slow_right,fast_right,0.07869477775373823
5,slow_right,slow_right,0.23356516666789628
5,slow_right,fast_left,0.4258041143985693
5,slow_right,slow_left,0.26193594117979613
5,fast_left,fast_right,0.07684899496791359
5,fast_left,slow_right,0.2414880310202453
5,fast_left,fast_left,0.4220891136576261
5,fast_left,slow_left,0.259573860354215
5,slow_left,fast_right,0.08066718830149965
5,slow_left,slow_right,0.23562940220323564
5,slow_left,fast_left,0.4268695682859599
5,slow_left,slow_left,0.25683384120930486
6,fast_right,fast_right,0.24545382118173795
6,fast_right,slow_right,0.25702131294754216
6,fast_right,fast_left,0.25875384504306126
6,fast_right,slow_left,0.23877102082765866
6,slow_right,fast_right,0.2456644324959102
6,slow_right,slow_right,0.2608022268387168
6,slow_right,fast_left,0.257962598311887
6,slow_right,slow_left,0.23557074235348602
6,fast_left,fast_right,0.2417155545677749
6,fast_left,slow_right,0.26404839123546153
6,fast_left,fast_left,0.25713852007566645
6,fast_left,slow_left,0.2370975341210972
6,slow_left,fast_right,0.245014187553679
6,slow_left,slow_right,0.2598861338758533
6,slow_left,fast_left,0.256916118536744
6,slow_left,slow_left,0.23818356003372373
7,fast_right,fast_right,0.27423968489051576
7,fast_right,slow_right,0.25864248557981745
7,fast_right,fast_left,0.2252771952903344
7,fast_right,slow_left,0.2418406342393324
7,slow_right,fast_right,0.2838646296762559
7,slow_right,slow_right,0.25399182856976243
7,slow_right,fast_left,0.22731935411504584
7,slow_right,slow_left,0.23482418763893584
7,fast_left,fast_right,0.272323184948086
7,fast_left,slow_right,0.26103137917965974
7,fast_left,fast_left,0.23003931841356257
7,fast_left,slow_left,0.23660611745869173
7,slow_left,fast_right,0.2761886295858217
7,slow_left,slow_right,0.2658592708526565
7,slow_left,fast_left,0.22522250637893027
7,slow_left,slow_left,0.23272959318259162
8,fast_right,fast_right,0.15542033329856625
8,fast_right,slow_right,0.24908483073812593
8,fast_right,fast_left,0.3495390477231062
8,fast_right,slow_left,0.2459557882402017
8,slow_right,fast_right,0.15589174573635617
8,slow_right,slow_right,0.24636161567464426
8,slow_right,fast_left,0.3516925466671465
8,slow_right,slow_left,0.2460540919218531
8,fast_left,fast_right,0.14997093686111823
8,fast_left,slow_right,0.2559622784603612
8,fast_left,fast_left,0.34829694377555837
8,fast_left,slow_left,0.24576984090296222
8,slow_left,fast_right,0.15610257337437083
8,slow_left,slow_right,0.24816152494373966
8,slow_left,fast_left,0.35058578552979347
8,slow_left,slow_left,0.2451501161520961
9,fast_right,fast_right,0.23625871314524055
9,fast_right,slow_right,0.25323792261707384
9,fast_right,fast_left,0.2715625086972717
9,fast_right,slow_left,0.23894085554041392
9,slow_right,fast_right,0.22982917536473924
9,slow_right,slow_right,0.26438962770411395
9,slow_right,fast_left,0.2683203485552109
9,slow_right,slow_left,0.2374608483759359
9,fast_left,fast_right,0.22873092024426966
9,fast_left,slow_right,0.2657419724529541
9,fast_left,fast_left,0.26644191100249814
9,fast_left,slow_left,0.2390851963002781
9,slow_left,fast_right,0.23254921942991083
9,slow_left,slow_right,0.25437457205007785
9,slow_left,fast_left,0.2707882300069663
9,slow_left,slow_left,0.24228797851304504
10,fast_right,fast_right,0.18462316472394263
10,fast_right,slow_right,0.24775224099233253
10,fast_right,fast_left,0.32296742430979025
10,fast_right,slow_left,0.24465716997393464
10,slow_right,fast_right,0.18893031980438846
10,slow_right,slow_right,0.24806373519394057
10,slow_right,fast_left,0.3172457299019043
10,slow_right,slow_left,0.24576021509976667
10,fast_left,fast_right,0.18565537740746063
10,fast_left,slow_right,0.25752714858610654
10,fast_left,fast_left,0.319441655653922
10,fast_left,slow_left,0.23737581835251093
10,slow_left,fast_right,0.18888126608870387
10,slow_left,slow_right,0.25164913103644276
10,slow_left,fast_left,0.3162812789830143
10,slow_left,slow_left,0.24318832389183911
11,fast_right,fast_right,0.17782047974363832
11,fast_right,slow_right,0.25302289634333247
11,fast_right,fast_left,0.32697315689442613
11,fast_right,slow_left,0.24218346701860302
11,slow_right,fast_right,0.17702459296695194
11,slow_right,slow_right,0.2512033743339387
11,slow_right,fast_left,0.3274221401354596
11,slow_right,slow_left,0.24434989256364978
11,fast_left,fast_right,0.173581944116478
11,fast_left,slow_right,0.25785071012646293
11,fast_left,fast_left,0.3250820754676835
11,fast_left,slow_left,0.2434852702893756
11,slow_left,fast_right,0.17649059023509786
11,slow_left,slow_right,0.24994305400153263
11,slow_left,fast_left,0.32975944119524025
11,slow_left,slow_left,0.2438069145681293
12,fast_right,fast_right,0.29589304690492346
12,fast_right,slow_right,0.2527655686132257
12,fast_right,fast_left,0.21178581188358053
12,fast_right,slow_left,0.23955557259827034
12,slow_right,fast_right,0.29288717462531844
12,slow_right,slow_right,0.2594382161893184
12,slow_right,fast_left,0.20830390033189589
12,slow_right,slow_left,0.2393707088534673
12,fast_left,fast_right,0.2939265291072035
12,fast_left,slow_right,0.25999627921363533
12,fast_left,fast_left,0.20424421044596097
12,fast_left,slow_left,0.2418329812332001
12,slow_left,fast_right,0.29154055976399923
12,slow_left,slow_right,0.2598527410556865
12,slow_left,fast_left,0.20753222739032776
12,slow_left,slow_left,0.24107447178998653
13,fast_right,fast_right,0.20913989956421036
13,fast_right,slow_right,0.2533781929274491
13,fast_right,fast_left,0.2950395507865534
13,fast_right,slow_left,0.2424423567217871
13,slow_right,fast_right,0.2069637101909025
13,slow_right,slow_right,0.2549200657264062
13,slow_right,fast_left,0.2943226021688354
13,slow_right,slow_left,0.24379362191385595
13,fast_left,fast_right,0.20623320949166385
13,fast_left,slow_right,0.25675628210613904
13,fast_left,fast_left,0.2932000859785168
13,fast_left,slow_left,0.24381042242368028
13,slow_left,fast_right,0.20598889499670658
13,slow_left,slow_right,0.25117931005681543
13,slow_left,fast_left,0.29750668263696656
13,slow_left,slow_left,0.24532511230951135
