quantiles_rt,subj,mean,std
1,0,0.5377969762419006,0.49910862735039885
1,1,0.47912087912087914,0.5001137499500421
1,2,0.7913043478260869,0.406818833074402
1,3,0.6652267818574514,0.4724215759555926
1,4,0.6501079913606912,0.47745151065064184
1,5,0.5263157894736842,0.4998553868371779
1,6,0.7369565217391304,0.44076517723232445
1,7,0.596529284164859,0.4911265816968871
1,8,0.5956043956043956,0.4913148967148664
1,9,0.5242290748898678,0.49996353106783464
1,10,0.6883116883116883,0.46368532956331604
1,11,0.6933638443935927,0.4616254566937959
1,12,0.7471264367816092,0.4351595608784325
1,13,0.4692982456140351,0.49960462486222906
2,0,0.6544276457883369,0.47606891195605866
2,1,0.4747252747252747,0.49991043395885093
2,2,0.7630434782608696,0.4256783363477706
2,3,0.6818181818181818,0.46627538976951494
2,4,0.6861471861471862,0.4645603944246505
2,5,0.6021978021978022,0.4899829229196341
2,6,0.7369565217391304,0.4407651772323246
2,7,0.6117136659436009,0.48788974655253486
2,8,0.578021978021978,0.4944186720831331
2,9,0.6313465783664459,0.482973090061844
2,10,0.7207792207792207,0.4491025504552629
2,11,0.7752293577981652,0.417910723195069
2,12,0.728110599078341,0.44544668577092983
2,13,0.5175438596491229,0.5002409290362918
3,0,0.6558441558441559,0.4756072058659629
3,1,0.5462555066079295,0.49840503746589065
3,2,0.7065217391304348,0.45585141384989863
3,3,0.6017316017316018,0.49007196496329175
3,4,0.652267818574514,0.4767656152948555
3,5,0.7171052631578947,0.4509003909087781
3,6,0.7260869565217392,0.4464504318116303
3,7,0.6464208242950108,0.47859984729027616
3,8,0.6343612334801763,0.4821401075935827
3,9,0.6666666666666666,0.47192569786650146
3,10,0.6774891774891775,0.46794396703211316
3,11,0.7155963302752294,0.4516481820558102
3,12,0.7534562211981567,0.4314961769643845
3,13,0.5350877192982456,0.49931512763385993
4,0,0.6501079913606912,0.47745151065064206
4,1,0.6065934065934065,0.48904343333911965
4,2,0.6427015250544662,0.4797266554959215
4,3,0.5865800865800865,0.49298065622466997
4,4,0.6753246753246753,0.46876100432191226
4,5,0.6813186813186813,0.46647806109015816
4,6,0.7021739130434783,0.4578005247385433
4,7,0.6326086956521739,0.4826191919679649
4,8,0.589010989010989,0.49255482251515936
4,9,0.6255506607929515,0.4845143043444152
4,10,0.6594360086767896,0.47441371910440105
4,11,0.7276887871853547,0.4456594064912889
4,12,0.6912442396313364,0.46251328702117234
4,13,0.5877192982456141,0.49278581949006567
5,0,0.6536796536796536,0.4763125365907826
5,1,0.6541850220264317,0.476157932084835
5,2,0.5934782608695652,0.49171886237313134
5,3,0.5930735930735931,0.49179346735080515
5,4,0.7084233261339092,0.4549800172294277
5,5,0.6447368421052632,0.47911862400708805
5,6,0.6695652173913044,0.4708817877629093
5,7,0.6399132321041214,0.4805467821620179
5,8,0.566079295154185,0.4961610263995193
5,9,0.6247240618101545,0.48472939834392487
5,10,0.6623376623376623,0.47342540780607206
5,11,0.6880733944954128,0.46381224315418335
5,12,0.7004608294930875,0.4585847992384974
5,13,0.5767543859649122,0.4946162826006519
6,0,0.6241900647948164,0.48485520504351376
6,1,0.676923076923077,0.4681665718563508
6,2,0.5630434782608695,0.49654961802420994
6,3,0.5714285714285714,0.49540810570604926
6,4,0.6991341991341992,0.45913162796705975
6,5,0.6725274725274726,0.4698077997830496
6,6,0.6543478260869565,0.4760982129593255
6,7,0.6247288503253796,0.48471885869047543
6,8,0.5824175824175825,0.4937033938508719
6,9,0.6335540838852097,0.4823659837839157
6,10,0.6428571428571429,0.47967683574392317
6,11,0.6834862385321101,0.4656502089031699
6,12,0.663594470046083,0.4730247434478686
6,13,0.5877192982456141,0.49278581949006556
7,0,0.6393088552915767,0.48072046136782154
7,1,0.621978021978022,0.4854268746342994
7,2,0.5434782608695652,0.4986483577748613
7,3,0.5788336933045356,0.4942802064605337
7,4,0.6911447084233261,0.462521073123604
7,5,0.5635964912280702,0.49648368332890597
7,6,0.6239130434782608,0.48492965265202964
7,7,0.6399132321041214,0.4805467821620179
7,8,0.5582417582417583,0.4971429239149075
7,9,0.5616740088105727,0.49672909756215156
7,10,0.5541125541125541,0.4976020287952425
7,11,0.6727688787185355,0.46974019184713545
7,12,0.6091954022988506,0.48849250472013644
7,13,0.6228070175438597,0.48521617934473166
