quantiles_rt,subj,mean
1,0,0.7773071718538564
1,1,0.7985639686684073
1,2,0.7304398447606728
1,3,0.7332772277227724
1,4,0.7441164241164242
1,5,0.8817845761631614
1,6,0.8142387871130765
1,7,0.7699219304471255
1,8,0.7542354630294328
1,9,0.7553465346534654
1,10,0.7418515901060071
1,11,0.7681286933683519
1,12,0.7455275347400927
2,0,0.7734326337169939
2,1,0.7996211626387982
2,2,0.7494178525226391
2,3,0.7400594059405939
2,4,0.7421344421344422
2,5,0.8580739795918367
2,6,0.805483259633607
2,7,0.7689346590909091
2,8,0.7462885857860733
2,9,0.7506237623762376
2,10,0.7350212164073551
2,11,0.7645042678923177
2,12,0.7543386515697373
3,0,0.7598510494245092
3,1,0.7976355323318093
3,2,0.7583430420711976
3,3,0.7246831683168315
3,4,0.7211226611226611
3,5,0.8227405991077119
3,6,0.7857738471257106
3,7,0.7608800567778566
3,8,0.7378456014362658
3,9,0.7313762376237622
3,10,0.7179207920792081
3,11,0.7472094550229811
3,12,0.7473288728769945
4,0,0.7386323628977658
4,1,0.7716318537859007
4,2,0.7404915912031048
4,3,0.7042673267326733
4,4,0.7122746185852982
4,5,0.7751275510204081
4,6,0.7566750948166876
4,7,0.7421448863636364
4,8,0.7162167982770998
4,9,0.7174554455445545
4,10,0.7057001414427159
4,11,0.7352956636005257
4,12,0.7381874356333676
5,0,0.7061653116531166
5,1,0.7306466361854997
5,2,0.7123754045307443
5,3,0.6951287128712872
5,4,0.6908108108108109
5,5,0.7364690885914595
5,6,0.7240682248894504
5,7,0.7172462739531583
5,8,0.7008904847396767
5,9,0.690009900990099
5,10,0.6920933521923622
5,11,0.7128693368351936
5,12,0.7173237261966031
6,0,0.6758728010825439
6,1,0.6998824297844547
6,2,0.6818499353169468
6,3,0.6640693069306931
6,4,0.675024255024255
6,5,0.7192857142857143
6,6,0.6921920404295642
6,7,0.6903551136363636
6,8,0.6767982770997847
6,9,0.6677623762376237
6,10,0.6688967468175389
6,11,0.686854891661195
6,12,0.681842511580031
7,0,0.6453486797562626
7,1,0.6901436031331594
7,2,0.6635834411384216
7,3,0.636940594059406
7,4,0.6364934164934165
7,5,0.6949649458253664
7,6,0.6718003790271635
7,7,0.6449964513839602
7,8,0.6424335965541996
7,9,0.639148514851485
7,10,0.6352932862190813
7,11,0.6474589625738674
7,12,0.6518888317035512
