dataset,subject,dataset_subject,correlation,model
Adler_2018_Expt1_taskA,0,Adler_2018_Expt1_taskA_0,-0.6451438216562337,vanilla
Adler_2018_Expt1_taskA,1,Adler_2018_Expt1_taskA_1,-0.5716713627858789,vanilla
Adler_2018_Expt1_taskA,2,Adler_2018_Expt1_taskA_2,0.5952746629700132,vanilla
Adler_2018_Expt1_taskA,3,Adler_2018_Expt1_taskA_3,-0.7110580710756004,vanilla
Adler_2018_Expt1_taskA,4,Adler_2018_Expt1_taskA_4,0.7944831414452098,vanilla
Adler_2018_Expt1_taskA,5,Adler_2018_Expt1_taskA_5,-0.47857964142813597,vanilla
Adler_2018_Expt1_taskA,6,Adler_2018_Expt1_taskA_6,0.5658468822172072,vanilla
Adler_2018_Expt1_taskA,7,Adler_2018_Expt1_taskA_7,0.3944282829561993,vanilla
Adler_2018_Expt1_taskA,8,Adler_2018_Expt1_taskA_8,0.2454007469845806,vanilla
Adler_2018_Expt1_taskA,9,Adler_2018_Expt1_taskA_9,0.7654414559983705,vanilla
Adler_2018_Expt1_taskA,10,Adler_2018_Expt1_taskA_10,0.8435229587266494,vanilla
Adler_2018_Expt1_taskA,0,Adler_2018_Expt1_taskA_0,0.27871788101840095,variability
Adler_2018_Expt1_taskA,1,Adler_2018_Expt1_taskA_1,0.04459288554601246,variability
Adler_2018_Expt1_taskA,2,Adler_2018_Expt1_taskA_2,0.7556165667917326,variability
Adler_2018_Expt1_taskA,3,Adler_2018_Expt1_taskA_3,0.6480979896131069,variability
Adler_2018_Expt1_taskA,4,Adler_2018_Expt1_taskA_4,0.7988871840250636,variability
Adler_2018_Expt1_taskA,5,Adler_2018_Expt1_taskA_5,0.10752916369983359,variability
Adler_2018_Expt1_taskA,6,Adler_2018_Expt1_taskA_6,-0.651338693570327,variability
Adler_2018_Expt1_taskA,7,Adler_2018_Expt1_taskA_7,0.7483825519025777,variability
Adler_2018_Expt1_taskA,8,Adler_2018_Expt1_taskA_8,0.3270154960402874,variability
Adler_2018_Expt1_taskA,9,Adler_2018_Expt1_taskA_9,0.6098600170569141,variability
Adler_2018_Expt1_taskA,10,Adler_2018_Expt1_taskA_10,0.8116668730248866,variability
Adler_2018_Expt1_taskA,0,Adler_2018_Expt1_taskA_0,0.3705152639289952,autocorrelated
Adler_2018_Expt1_taskA,1,Adler_2018_Expt1_taskA_1,-0.24975470247099274,autocorrelated
Adler_2018_Expt1_taskA,2,Adler_2018_Expt1_taskA_2,0.48851795891834476,autocorrelated
Adler_2018_Expt1_taskA,3,Adler_2018_Expt1_taskA_3,0.8329699071430148,autocorrelated
Adler_2018_Expt1_taskA,4,Adler_2018_Expt1_taskA_4,0.8518592535970216,autocorrelated
Adler_2018_Expt1_taskA,5,Adler_2018_Expt1_taskA_5,0.44410371152796263,autocorrelated
Adler_2018_Expt1_taskA,6,Adler_2018_Expt1_taskA_6,0.0889735058873155,autocorrelated
Adler_2018_Expt1_taskA,7,Adler_2018_Expt1_taskA_7,0.9630920466427229,autocorrelated
Adler_2018_Expt1_taskA,8,Adler_2018_Expt1_taskA_8,0.8083233776786305,autocorrelated
Adler_2018_Expt1_taskA,9,Adler_2018_Expt1_taskA_9,0.40334765083558133,autocorrelated
Adler_2018_Expt1_taskA,10,Adler_2018_Expt1_taskA_10,0.8454835546518654,autocorrelated
Adler_2018_Expt1_taskB,0,Adler_2018_Expt1_taskB_0,-0.1825738302580762,vanilla
Adler_2018_Expt1_taskB,1,Adler_2018_Expt1_taskB_1,-0.40169903994502476,vanilla
Adler_2018_Expt1_taskB,2,Adler_2018_Expt1_taskB_2,0.71245904879585,vanilla
Adler_2018_Expt1_taskB,3,Adler_2018_Expt1_taskB_3,-0.07195911941763121,vanilla
Adler_2018_Expt1_taskB,4,Adler_2018_Expt1_taskB_4,0.12469258441878567,vanilla
Adler_2018_Expt1_taskB,5,Adler_2018_Expt1_taskB_5,-0.04932755973104397,vanilla
Adler_2018_Expt1_taskB,6,Adler_2018_Expt1_taskB_6,-0.17674855896875516,vanilla
Adler_2018_Expt1_taskB,7,Adler_2018_Expt1_taskB_7,-0.4102896652213698,vanilla
Adler_2018_Expt1_taskB,8,Adler_2018_Expt1_taskB_8,-0.3545191241666548,vanilla
Adler_2018_Expt1_taskB,9,Adler_2018_Expt1_taskB_9,-0.3602975417353049,vanilla
Adler_2018_Expt1_taskB,10,Adler_2018_Expt1_taskB_10,0.5482133319525561,vanilla
Adler_2018_Expt1_taskB,0,Adler_2018_Expt1_taskB_0,0.6771177337238958,variability
Adler_2018_Expt1_taskB,1,Adler_2018_Expt1_taskB_1,-0.11073643375164258,variability
Adler_2018_Expt1_taskB,2,Adler_2018_Expt1_taskB_2,0.5164481014248341,variability
Adler_2018_Expt1_taskB,3,Adler_2018_Expt1_taskB_3,0.3636582609336736,variability
Adler_2018_Expt1_taskB,4,Adler_2018_Expt1_taskB_4,0.5222825749680498,variability
Adler_2018_Expt1_taskB,5,Adler_2018_Expt1_taskB_5,0.6893360480682476,variability
Adler_2018_Expt1_taskB,6,Adler_2018_Expt1_taskB_6,0.2848240423715867,variability
Adler_2018_Expt1_taskB,7,Adler_2018_Expt1_taskB_7,-0.02472431707035624,variability
Adler_2018_Expt1_taskB,8,Adler_2018_Expt1_taskB_8,-0.3161757891757257,variability
Adler_2018_Expt1_taskB,9,Adler_2018_Expt1_taskB_9,0.18727452987063267,variability
Adler_2018_Expt1_taskB,10,Adler_2018_Expt1_taskB_10,0.5842799394676355,variability
Adler_2018_Expt1_taskB,0,Adler_2018_Expt1_taskB_0,0.8739255852411795,autocorrelated
Adler_2018_Expt1_taskB,1,Adler_2018_Expt1_taskB_1,0.685367824236719,autocorrelated
Adler_2018_Expt1_taskB,2,Adler_2018_Expt1_taskB_2,0.5806758495100304,autocorrelated
Adler_2018_Expt1_taskB,3,Adler_2018_Expt1_taskB_3,0.42732600068110044,autocorrelated
Adler_2018_Expt1_taskB,4,Adler_2018_Expt1_taskB_4,0.6181630773900397,autocorrelated
Adler_2018_Expt1_taskB,5,Adler_2018_Expt1_taskB_5,0.9237968367961976,autocorrelated
Adler_2018_Expt1_taskB,6,Adler_2018_Expt1_taskB_6,0.7963947071074011,autocorrelated
Adler_2018_Expt1_taskB,7,Adler_2018_Expt1_taskB_7,0.8850693054476714,autocorrelated
Adler_2018_Expt1_taskB,8,Adler_2018_Expt1_taskB_8,0.2568211304541422,autocorrelated
Adler_2018_Expt1_taskB,9,Adler_2018_Expt1_taskB_9,0.5741348409900678,autocorrelated
Adler_2018_Expt1_taskB,10,Adler_2018_Expt1_taskB_10,0.9601608885924582,autocorrelated
Adler_2018_Expt3,0,Adler_2018_Expt3_0,-0.6130417114223188,vanilla
Adler_2018_Expt3,1,Adler_2018_Expt3_1,0.46597902804943375,vanilla
Adler_2018_Expt3,2,Adler_2018_Expt3_2,0.2591993931215202,vanilla
Adler_2018_Expt3,3,Adler_2018_Expt3_3,-0.628901517474694,vanilla
Adler_2018_Expt3,4,Adler_2018_Expt3_4,0.6992457380172449,vanilla
Adler_2018_Expt3,5,Adler_2018_Expt3_5,0.5392749239180114,vanilla
Adler_2018_Expt3,6,Adler_2018_Expt3_6,0.8567684810046213,vanilla
Adler_2018_Expt3,7,Adler_2018_Expt3_7,-0.5429266747672973,vanilla
Adler_2018_Expt3,8,Adler_2018_Expt3_8,0.014925693197058413,vanilla
Adler_2018_Expt3,9,Adler_2018_Expt3_9,0.052904035077037996,vanilla
Adler_2018_Expt3,10,Adler_2018_Expt3_10,-0.7080716907747413,vanilla
Adler_2018_Expt3,11,Adler_2018_Expt3_11,0.018208278639328838,vanilla
Adler_2018_Expt3,12,Adler_2018_Expt3_12,0.5704633504911648,vanilla
Adler_2018_Expt3,13,Adler_2018_Expt3_13,0.1408932024565293,vanilla
Adler_2018_Expt3,0,Adler_2018_Expt3_0,0.2757198792318644,variability
Adler_2018_Expt3,1,Adler_2018_Expt3_1,0.8009481642519644,variability
Adler_2018_Expt3,2,Adler_2018_Expt3_2,0.32615843827713126,variability
Adler_2018_Expt3,3,Adler_2018_Expt3_3,-0.6433464734975349,variability
Adler_2018_Expt3,4,Adler_2018_Expt3_4,0.6185337981664494,variability
Adler_2018_Expt3,5,Adler_2018_Expt3_5,0.5436261341623878,variability
Adler_2018_Expt3,6,Adler_2018_Expt3_6,0.8737288323376629,variability
Adler_2018_Expt3,7,Adler_2018_Expt3_7,0.2905141616084716,variability
Adler_2018_Expt3,8,Adler_2018_Expt3_8,-0.26118359336660707,variability
Adler_2018_Expt3,9,Adler_2018_Expt3_9,0.5563390819101812,variability
Adler_2018_Expt3,10,Adler_2018_Expt3_10,-0.17843009540652396,variability
Adler_2018_Expt3,11,Adler_2018_Expt3_11,0.21194662766791575,variability
Adler_2018_Expt3,12,Adler_2018_Expt3_12,0.8085405478869984,variability
Adler_2018_Expt3,13,Adler_2018_Expt3_13,-0.29057339054251935,variability
Adler_2018_Expt3,0,Adler_2018_Expt3_0,-0.3147266637535429,autocorrelated
Adler_2018_Expt3,1,Adler_2018_Expt3_1,0.8032998231119365,autocorrelated
Adler_2018_Expt3,2,Adler_2018_Expt3_2,0.9505878061605347,autocorrelated
Adler_2018_Expt3,3,Adler_2018_Expt3_3,0.7558939954103833,autocorrelated
Adler_2018_Expt3,4,Adler_2018_Expt3_4,-0.3005178402733443,autocorrelated
Adler_2018_Expt3,5,Adler_2018_Expt3_5,0.8212353925949788,autocorrelated
Adler_2018_Expt3,6,Adler_2018_Expt3_6,0.9826265490935618,autocorrelated
Adler_2018_Expt3,7,Adler_2018_Expt3_7,-0.678502434142695,autocorrelated
Adler_2018_Expt3,8,Adler_2018_Expt3_8,0.5125521851478201,autocorrelated
Adler_2018_Expt3,9,Adler_2018_Expt3_9,0.5096656984274721,autocorrelated
Adler_2018_Expt3,10,Adler_2018_Expt3_10,0.9339138069083154,autocorrelated
Adler_2018_Expt3,11,Adler_2018_Expt3_11,0.6268831867241513,autocorrelated
Adler_2018_Expt3,12,Adler_2018_Expt3_12,0.9188959620648703,autocorrelated
Adler_2018_Expt3,13,Adler_2018_Expt3_13,0.8480357110779904,autocorrelated
Desender_2022_exp2B,0,Desender_2022_exp2B_0,0.09529469963428963,vanilla
Desender_2022_exp2B,1,Desender_2022_exp2B_1,0.22620643143057748,vanilla
Desender_2022_exp2B,2,Desender_2022_exp2B_2,-0.5445291221843801,vanilla
Desender_2022_exp2B,3,Desender_2022_exp2B_3,0.6180769503459346,vanilla
Desender_2022_exp2B,4,Desender_2022_exp2B_4,0.6109099554004144,vanilla
Desender_2022_exp2B,5,Desender_2022_exp2B_5,-0.5512944032837673,vanilla
Desender_2022_exp2B,6,Desender_2022_exp2B_6,0.5928124546706267,vanilla
Desender_2022_exp2B,7,Desender_2022_exp2B_7,0.17603220898353694,vanilla
Desender_2022_exp2B,8,Desender_2022_exp2B_8,0.2615929715481524,vanilla
Desender_2022_exp2B,9,Desender_2022_exp2B_9,0.28219613763124335,vanilla
Desender_2022_exp2B,10,Desender_2022_exp2B_10,-0.3234853185805308,vanilla
Desender_2022_exp2B,11,Desender_2022_exp2B_11,0.4344726535283618,vanilla
Desender_2022_exp2B,12,Desender_2022_exp2B_12,-0.15122834315895325,vanilla
Desender_2022_exp2B,13,Desender_2022_exp2B_13,0.003962238705486349,vanilla
Desender_2022_exp2B,14,Desender_2022_exp2B_14,0.5361242663023178,vanilla
Desender_2022_exp2B,15,Desender_2022_exp2B_15,-0.42054479916785553,vanilla
Desender_2022_exp2B,16,Desender_2022_exp2B_16,0.44936412475823495,vanilla
Desender_2022_exp2B,17,Desender_2022_exp2B_17,0.20515683248213523,vanilla
Desender_2022_exp2B,18,Desender_2022_exp2B_18,0.4208500519151873,vanilla
Desender_2022_exp2B,19,Desender_2022_exp2B_19,0.7376664485226362,vanilla
Desender_2022_exp2B,20,Desender_2022_exp2B_20,-0.069699650641289,vanilla
Desender_2022_exp2B,21,Desender_2022_exp2B_21,0.05803665264827423,vanilla
Desender_2022_exp2B,22,Desender_2022_exp2B_22,0.38695506897193926,vanilla
Desender_2022_exp2B,23,Desender_2022_exp2B_23,-0.8440586286322526,vanilla
Desender_2022_exp2B,24,Desender_2022_exp2B_24,-0.48140525491784025,vanilla
Desender_2022_exp2B,25,Desender_2022_exp2B_25,0.8709949554525322,vanilla
Desender_2022_exp2B,26,Desender_2022_exp2B_26,-0.4229549312610191,vanilla
Desender_2022_exp2B,27,Desender_2022_exp2B_27,-0.22741918570125325,vanilla
Desender_2022_exp2B,28,Desender_2022_exp2B_28,0.2148271552193168,vanilla
Desender_2022_exp2B,29,Desender_2022_exp2B_29,0.9254801035666133,vanilla
Desender_2022_exp2B,30,Desender_2022_exp2B_30,0.9331028760063966,vanilla
Desender_2022_exp2B,31,Desender_2022_exp2B_31,-0.4914333743769043,vanilla
Desender_2022_exp2B,32,Desender_2022_exp2B_32,0.4722660587937535,vanilla
Desender_2022_exp2B,33,Desender_2022_exp2B_33,-0.05345411951995404,vanilla
Desender_2022_exp2B,34,Desender_2022_exp2B_34,0.17027171383101375,vanilla
Desender_2022_exp2B,35,Desender_2022_exp2B_35,-0.712835999380638,vanilla
Desender_2022_exp2B,36,Desender_2022_exp2B_36,0.9160112721676471,vanilla
Desender_2022_exp2B,37,Desender_2022_exp2B_37,0.3453119461054974,vanilla
Desender_2022_exp2B,38,Desender_2022_exp2B_38,0.12608949905459402,vanilla
Desender_2022_exp2B,39,Desender_2022_exp2B_39,0.5300527111918366,vanilla
Desender_2022_exp2B,40,Desender_2022_exp2B_40,0.715588310281294,vanilla
Desender_2022_exp2B,41,Desender_2022_exp2B_41,0.04562762385100038,vanilla
Desender_2022_exp2B,42,Desender_2022_exp2B_42,0.33955645077456087,vanilla
Desender_2022_exp2B,43,Desender_2022_exp2B_43,0.43123611181341076,vanilla
Desender_2022_exp2B,44,Desender_2022_exp2B_44,0.3053387272656486,vanilla
Desender_2022_exp2B,45,Desender_2022_exp2B_45,0.28647422079755686,vanilla
Desender_2022_exp2B,46,Desender_2022_exp2B_46,0.13096135436800815,vanilla
Desender_2022_exp2B,47,Desender_2022_exp2B_47,0.127914074659296,vanilla
Desender_2022_exp2B,48,Desender_2022_exp2B_48,0.490489142744644,vanilla
Desender_2022_exp2B,49,Desender_2022_exp2B_49,-0.37924934188778675,vanilla
Desender_2022_exp2B,50,Desender_2022_exp2B_50,0.2440577648294534,vanilla
Desender_2022_exp2B,51,Desender_2022_exp2B_51,0.7126126596607645,vanilla
Desender_2022_exp2B,52,Desender_2022_exp2B_52,0.44111283104159227,vanilla
Desender_2022_exp2B,53,Desender_2022_exp2B_53,0.763338107521792,vanilla
Desender_2022_exp2B,54,Desender_2022_exp2B_54,-0.1550880919676422,vanilla
Desender_2022_exp2B,55,Desender_2022_exp2B_55,0.5552875195256389,vanilla
Desender_2022_exp2B,56,Desender_2022_exp2B_56,0.01890350166189534,vanilla
Desender_2022_exp2B,57,Desender_2022_exp2B_57,0.026728500674995995,vanilla
Desender_2022_exp2B,58,Desender_2022_exp2B_58,0.7036889755590079,vanilla
Desender_2022_exp2B,59,Desender_2022_exp2B_59,-0.16954745515031294,vanilla
Desender_2022_exp2B,60,Desender_2022_exp2B_60,-0.5826150381045667,vanilla
Desender_2022_exp2B,61,Desender_2022_exp2B_61,-0.3982321179537445,vanilla
Desender_2022_exp2B,62,Desender_2022_exp2B_62,-0.22517843857974965,vanilla
Desender_2022_exp2B,63,Desender_2022_exp2B_63,0.09709648188007647,vanilla
Desender_2022_exp2B,64,Desender_2022_exp2B_64,-0.10501536183773676,vanilla
Desender_2022_exp2B,65,Desender_2022_exp2B_65,-0.09630953751045349,vanilla
Desender_2022_exp2B,66,Desender_2022_exp2B_66,0.5815735849875657,vanilla
Desender_2022_exp2B,67,Desender_2022_exp2B_67,0.5519123857240068,vanilla
Desender_2022_exp2B,68,Desender_2022_exp2B_68,0.5106271357348138,vanilla
Desender_2022_exp2B,69,Desender_2022_exp2B_69,0.9065765946440861,vanilla
Desender_2022_exp2B,70,Desender_2022_exp2B_70,-0.06635095999478084,vanilla
Desender_2022_exp2B,71,Desender_2022_exp2B_71,0.24013689771154775,vanilla
Desender_2022_exp2B,72,Desender_2022_exp2B_72,0.2796189597072099,vanilla
Desender_2022_exp2B,73,Desender_2022_exp2B_73,0.7310858192766936,vanilla
Desender_2022_exp2B,74,Desender_2022_exp2B_74,0.6329804391461402,vanilla
Desender_2022_exp2B,75,Desender_2022_exp2B_75,0.6800623643345252,vanilla
Desender_2022_exp2B,76,Desender_2022_exp2B_76,0.49759911406927293,vanilla
Desender_2022_exp2B,77,Desender_2022_exp2B_77,-0.19901539806202828,vanilla
Desender_2022_exp2B,78,Desender_2022_exp2B_78,0.43416609515098636,vanilla
Desender_2022_exp2B,79,Desender_2022_exp2B_79,0.13047533207054599,vanilla
Desender_2022_exp2B,80,Desender_2022_exp2B_80,0.8509805441931008,vanilla
Desender_2022_exp2B,81,Desender_2022_exp2B_81,-0.06595486598745756,vanilla
Desender_2022_exp2B,82,Desender_2022_exp2B_82,-0.0731124283073038,vanilla
Desender_2022_exp2B,83,Desender_2022_exp2B_83,0.09096388410795728,vanilla
Desender_2022_exp2B,84,Desender_2022_exp2B_84,0.7756082327853808,vanilla
Desender_2022_exp2B,85,Desender_2022_exp2B_85,0.7634095461644814,vanilla
Desender_2022_exp2B,86,Desender_2022_exp2B_86,0.8117927737856696,vanilla
Desender_2022_exp2B,87,Desender_2022_exp2B_87,0.6240787548763215,vanilla
Desender_2022_exp2B,88,Desender_2022_exp2B_88,0.6178420511659777,vanilla
Desender_2022_exp2B,89,Desender_2022_exp2B_89,-0.29825309554275603,vanilla
Desender_2022_exp2B,90,Desender_2022_exp2B_90,0.19605110476398266,vanilla
Desender_2022_exp2B,91,Desender_2022_exp2B_91,0.4154356728482979,vanilla
Desender_2022_exp2B,92,Desender_2022_exp2B_92,0.7692252139964874,vanilla
Desender_2022_exp2B,93,Desender_2022_exp2B_93,-0.020359075835975515,vanilla
Desender_2022_exp2B,94,Desender_2022_exp2B_94,0.21053964286207844,vanilla
Desender_2022_exp2B,95,Desender_2022_exp2B_95,0.49550101284712367,vanilla
Desender_2022_exp2B,96,Desender_2022_exp2B_96,-0.39850396674758015,vanilla
Desender_2022_exp2B,97,Desender_2022_exp2B_97,0.7153661170004325,vanilla
Desender_2022_exp2B,98,Desender_2022_exp2B_98,0.31275868939624585,vanilla
Desender_2022_exp2B,0,Desender_2022_exp2B_0,0.8216447757706973,variability
Desender_2022_exp2B,1,Desender_2022_exp2B_1,0.19482424181516145,variability
Desender_2022_exp2B,2,Desender_2022_exp2B_2,-0.16769771121165908,variability
Desender_2022_exp2B,3,Desender_2022_exp2B_3,0.88566293512948,variability
Desender_2022_exp2B,4,Desender_2022_exp2B_4,0.8586320897300501,variability
Desender_2022_exp2B,5,Desender_2022_exp2B_5,-0.24959260295122626,variability
Desender_2022_exp2B,6,Desender_2022_exp2B_6,0.7634539961356309,variability
Desender_2022_exp2B,7,Desender_2022_exp2B_7,0.1464585375057893,variability
Desender_2022_exp2B,8,Desender_2022_exp2B_8,0.47086831708516363,variability
Desender_2022_exp2B,9,Desender_2022_exp2B_9,0.6400607835001805,variability
Desender_2022_exp2B,10,Desender_2022_exp2B_10,0.8637882917546961,variability
Desender_2022_exp2B,11,Desender_2022_exp2B_11,0.5165179051204414,variability
Desender_2022_exp2B,12,Desender_2022_exp2B_12,0.9161583892185514,variability
Desender_2022_exp2B,13,Desender_2022_exp2B_13,0.4368042364658399,variability
Desender_2022_exp2B,14,Desender_2022_exp2B_14,0.49812153139094767,variability
Desender_2022_exp2B,15,Desender_2022_exp2B_15,0.1541505775556506,variability
Desender_2022_exp2B,16,Desender_2022_exp2B_16,0.14952783721455304,variability
Desender_2022_exp2B,17,Desender_2022_exp2B_17,0.5401116342068668,variability
Desender_2022_exp2B,18,Desender_2022_exp2B_18,0.8586988247879264,variability
Desender_2022_exp2B,19,Desender_2022_exp2B_19,0.9591883959146844,variability
Desender_2022_exp2B,20,Desender_2022_exp2B_20,-0.06324090471108663,variability
Desender_2022_exp2B,21,Desender_2022_exp2B_21,0.3213526921328703,variability
Desender_2022_exp2B,22,Desender_2022_exp2B_22,0.628997175748286,variability
Desender_2022_exp2B,23,Desender_2022_exp2B_23,-0.7983394601863537,variability
Desender_2022_exp2B,24,Desender_2022_exp2B_24,0.12828739171608997,variability
Desender_2022_exp2B,25,Desender_2022_exp2B_25,0.8701861510320378,variability
Desender_2022_exp2B,26,Desender_2022_exp2B_26,0.3711545896831104,variability
Desender_2022_exp2B,27,Desender_2022_exp2B_27,0.961518137572857,variability
Desender_2022_exp2B,28,Desender_2022_exp2B_28,0.8017604034570555,variability
Desender_2022_exp2B,29,Desender_2022_exp2B_29,0.7621057701438947,variability
Desender_2022_exp2B,30,Desender_2022_exp2B_30,0.976700732525821,variability
Desender_2022_exp2B,31,Desender_2022_exp2B_31,0.5086082378705709,variability
Desender_2022_exp2B,32,Desender_2022_exp2B_32,0.9205816650046101,variability
Desender_2022_exp2B,33,Desender_2022_exp2B_33,0.8607516088597609,variability
Desender_2022_exp2B,34,Desender_2022_exp2B_34,0.8216503629800314,variability
Desender_2022_exp2B,35,Desender_2022_exp2B_35,0.2640818705069284,variability
Desender_2022_exp2B,36,Desender_2022_exp2B_36,0.9166422714366149,variability
Desender_2022_exp2B,37,Desender_2022_exp2B_37,0.2690736349464866,variability
Desender_2022_exp2B,38,Desender_2022_exp2B_38,-0.2821665094997347,variability
Desender_2022_exp2B,39,Desender_2022_exp2B_39,0.7976579400117021,variability
Desender_2022_exp2B,40,Desender_2022_exp2B_40,0.5995418973148536,variability
Desender_2022_exp2B,41,Desender_2022_exp2B_41,0.6843818279190117,variability
Desender_2022_exp2B,42,Desender_2022_exp2B_42,0.6780422830451394,variability
Desender_2022_exp2B,43,Desender_2022_exp2B_43,0.7164704432023138,variability
Desender_2022_exp2B,44,Desender_2022_exp2B_44,0.6799363383070454,variability
Desender_2022_exp2B,45,Desender_2022_exp2B_45,0.5602484476940082,variability
Desender_2022_exp2B,46,Desender_2022_exp2B_46,0.3742865805411521,variability
Desender_2022_exp2B,47,Desender_2022_exp2B_47,0.7760124802723922,variability
Desender_2022_exp2B,48,Desender_2022_exp2B_48,0.44867316392586926,variability
Desender_2022_exp2B,49,Desender_2022_exp2B_49,0.626876742622015,variability
Desender_2022_exp2B,50,Desender_2022_exp2B_50,0.26001588233928413,variability
Desender_2022_exp2B,51,Desender_2022_exp2B_51,0.6507481178595502,variability
Desender_2022_exp2B,52,Desender_2022_exp2B_52,0.9333978439249534,variability
Desender_2022_exp2B,53,Desender_2022_exp2B_53,0.7610286063778987,variability
Desender_2022_exp2B,54,Desender_2022_exp2B_54,0.6674311869623762,variability
Desender_2022_exp2B,55,Desender_2022_exp2B_55,0.6329537797688066,variability
Desender_2022_exp2B,56,Desender_2022_exp2B_56,0.28899297134728413,variability
Desender_2022_exp2B,57,Desender_2022_exp2B_57,-0.1381959362771757,variability
Desender_2022_exp2B,58,Desender_2022_exp2B_58,0.809293617985167,variability
Desender_2022_exp2B,59,Desender_2022_exp2B_59,0.024667428616667892,variability
Desender_2022_exp2B,60,Desender_2022_exp2B_60,0.44189929338753786,variability
Desender_2022_exp2B,61,Desender_2022_exp2B_61,0.47824755900624416,variability
Desender_2022_exp2B,62,Desender_2022_exp2B_62,-0.5902313957586212,variability
Desender_2022_exp2B,63,Desender_2022_exp2B_63,0.5827659472351794,variability
Desender_2022_exp2B,64,Desender_2022_exp2B_64,0.2535947538252149,variability
Desender_2022_exp2B,65,Desender_2022_exp2B_65,0.1818473683011419,variability
Desender_2022_exp2B,66,Desender_2022_exp2B_66,0.8630279640332225,variability
Desender_2022_exp2B,67,Desender_2022_exp2B_67,0.06657237879450455,variability
Desender_2022_exp2B,68,Desender_2022_exp2B_68,0.6979444519452588,variability
Desender_2022_exp2B,69,Desender_2022_exp2B_69,0.7811209707639436,variability
Desender_2022_exp2B,70,Desender_2022_exp2B_70,0.48693179123163866,variability
Desender_2022_exp2B,71,Desender_2022_exp2B_71,0.7397461743245353,variability
Desender_2022_exp2B,72,Desender_2022_exp2B_72,0.7757896610593263,variability
Desender_2022_exp2B,73,Desender_2022_exp2B_73,0.598262512858044,variability
Desender_2022_exp2B,74,Desender_2022_exp2B_74,0.451516996878046,variability
Desender_2022_exp2B,75,Desender_2022_exp2B_75,0.7415170552963415,variability
Desender_2022_exp2B,76,Desender_2022_exp2B_76,0.49408824422311515,variability
Desender_2022_exp2B,77,Desender_2022_exp2B_77,0.7477960628320717,variability
Desender_2022_exp2B,78,Desender_2022_exp2B_78,0.5106498522530254,variability
Desender_2022_exp2B,79,Desender_2022_exp2B_79,0.3692751835824663,variability
Desender_2022_exp2B,80,Desender_2022_exp2B_80,0.9310445542454472,variability
Desender_2022_exp2B,81,Desender_2022_exp2B_81,-0.15350336836035117,variability
Desender_2022_exp2B,82,Desender_2022_exp2B_82,-0.12336676817362767,variability
Desender_2022_exp2B,83,Desender_2022_exp2B_83,0.6128139286216904,variability
Desender_2022_exp2B,84,Desender_2022_exp2B_84,0.6617330973081619,variability
Desender_2022_exp2B,85,Desender_2022_exp2B_85,0.8652166450021452,variability
Desender_2022_exp2B,86,Desender_2022_exp2B_86,0.9438702335592154,variability
Desender_2022_exp2B,87,Desender_2022_exp2B_87,0.6660192565414191,variability
Desender_2022_exp2B,88,Desender_2022_exp2B_88,-0.004725039754259082,variability
Desender_2022_exp2B,89,Desender_2022_exp2B_89,0.4672055770913225,variability
Desender_2022_exp2B,90,Desender_2022_exp2B_90,0.5700617697975711,variability
Desender_2022_exp2B,91,Desender_2022_exp2B_91,0.503584418106076,variability
Desender_2022_exp2B,92,Desender_2022_exp2B_92,0.7654246523945015,variability
Desender_2022_exp2B,93,Desender_2022_exp2B_93,0.90817934017286,variability
Desender_2022_exp2B,94,Desender_2022_exp2B_94,0.6307406069601342,variability
Desender_2022_exp2B,95,Desender_2022_exp2B_95,0.1832136761870709,variability
Desender_2022_exp2B,96,Desender_2022_exp2B_96,0.007872621938265151,variability
Desender_2022_exp2B,97,Desender_2022_exp2B_97,0.7180179500164445,variability
Desender_2022_exp2B,98,Desender_2022_exp2B_98,0.4863254266917411,variability
Desender_2022_exp2B,0,Desender_2022_exp2B_0,0.5135419205552737,autocorrelated
Desender_2022_exp2B,1,Desender_2022_exp2B_1,0.2907261524843,autocorrelated
Desender_2022_exp2B,2,Desender_2022_exp2B_2,-0.6845862589837712,autocorrelated
Desender_2022_exp2B,3,Desender_2022_exp2B_3,0.832790973042642,autocorrelated
Desender_2022_exp2B,4,Desender_2022_exp2B_4,0.8608580750971232,autocorrelated
Desender_2022_exp2B,5,Desender_2022_exp2B_5,0.03960119277645902,autocorrelated
Desender_2022_exp2B,6,Desender_2022_exp2B_6,0.7767229554872717,autocorrelated
Desender_2022_exp2B,7,Desender_2022_exp2B_7,0.20318111545952286,autocorrelated
Desender_2022_exp2B,8,Desender_2022_exp2B_8,0.7506331207440589,autocorrelated
Desender_2022_exp2B,9,Desender_2022_exp2B_9,0.6350188165828357,autocorrelated
Desender_2022_exp2B,10,Desender_2022_exp2B_10,-0.5471609617451014,autocorrelated
Desender_2022_exp2B,11,Desender_2022_exp2B_11,0.49199767875696065,autocorrelated
Desender_2022_exp2B,12,Desender_2022_exp2B_12,0.7673813458241774,autocorrelated
Desender_2022_exp2B,13,Desender_2022_exp2B_13,0.4003998177000598,autocorrelated
Desender_2022_exp2B,14,Desender_2022_exp2B_14,0.6902089937804525,autocorrelated
Desender_2022_exp2B,15,Desender_2022_exp2B_15,0.44969347235910406,autocorrelated
Desender_2022_exp2B,16,Desender_2022_exp2B_16,0.3150997631442202,autocorrelated
Desender_2022_exp2B,17,Desender_2022_exp2B_17,0.1646337720928598,autocorrelated
Desender_2022_exp2B,18,Desender_2022_exp2B_18,-0.29518968264051715,autocorrelated
Desender_2022_exp2B,19,Desender_2022_exp2B_19,0.8134450039092538,autocorrelated
Desender_2022_exp2B,20,Desender_2022_exp2B_20,0.249873045513159,autocorrelated
Desender_2022_exp2B,21,Desender_2022_exp2B_21,0.2747780099946829,autocorrelated
Desender_2022_exp2B,22,Desender_2022_exp2B_22,0.6097183687583118,autocorrelated
Desender_2022_exp2B,23,Desender_2022_exp2B_23,-0.8632728687390192,autocorrelated
Desender_2022_exp2B,24,Desender_2022_exp2B_24,-0.13457435792441216,autocorrelated
Desender_2022_exp2B,25,Desender_2022_exp2B_25,0.7739916802356004,autocorrelated
Desender_2022_exp2B,26,Desender_2022_exp2B_26,-0.06642374039296584,autocorrelated
Desender_2022_exp2B,27,Desender_2022_exp2B_27,0.9117451000687586,autocorrelated
Desender_2022_exp2B,28,Desender_2022_exp2B_28,0.8715916665383162,autocorrelated
Desender_2022_exp2B,29,Desender_2022_exp2B_29,-0.0717802811916935,autocorrelated
Desender_2022_exp2B,30,Desender_2022_exp2B_30,0.8925814058606453,autocorrelated
Desender_2022_exp2B,31,Desender_2022_exp2B_31,0.11631241731643492,autocorrelated
Desender_2022_exp2B,32,Desender_2022_exp2B_32,0.898044489253333,autocorrelated
Desender_2022_exp2B,33,Desender_2022_exp2B_33,-0.3860101663826158,autocorrelated
Desender_2022_exp2B,34,Desender_2022_exp2B_34,-0.20785431964676082,autocorrelated
Desender_2022_exp2B,35,Desender_2022_exp2B_35,-0.5158360644550057,autocorrelated
Desender_2022_exp2B,36,Desender_2022_exp2B_36,0.843719662445261,autocorrelated
Desender_2022_exp2B,37,Desender_2022_exp2B_37,0.45602003165866767,autocorrelated
Desender_2022_exp2B,38,Desender_2022_exp2B_38,0.5294218725571608,autocorrelated
Desender_2022_exp2B,39,Desender_2022_exp2B_39,-0.3092109349167783,autocorrelated
Desender_2022_exp2B,40,Desender_2022_exp2B_40,0.7083152101468008,autocorrelated
Desender_2022_exp2B,41,Desender_2022_exp2B_41,0.4863263888087135,autocorrelated
Desender_2022_exp2B,42,Desender_2022_exp2B_42,0.6445901100964659,autocorrelated
Desender_2022_exp2B,43,Desender_2022_exp2B_43,0.7438902412985646,autocorrelated
Desender_2022_exp2B,44,Desender_2022_exp2B_44,0.476665780755957,autocorrelated
Desender_2022_exp2B,45,Desender_2022_exp2B_45,0.6317635107113577,autocorrelated
Desender_2022_exp2B,46,Desender_2022_exp2B_46,0.4542460130632042,autocorrelated
Desender_2022_exp2B,47,Desender_2022_exp2B_47,-0.48182258543896833,autocorrelated
Desender_2022_exp2B,48,Desender_2022_exp2B_48,0.4710869526014339,autocorrelated
Desender_2022_exp2B,49,Desender_2022_exp2B_49,0.902748406312504,autocorrelated
Desender_2022_exp2B,50,Desender_2022_exp2B_50,0.20154457553695893,autocorrelated
Desender_2022_exp2B,51,Desender_2022_exp2B_51,0.8159161543613386,autocorrelated
Desender_2022_exp2B,52,Desender_2022_exp2B_52,0.7619846447284991,autocorrelated
Desender_2022_exp2B,53,Desender_2022_exp2B_53,0.7031030466411631,autocorrelated
Desender_2022_exp2B,54,Desender_2022_exp2B_54,-0.21022103934088301,autocorrelated
Desender_2022_exp2B,55,Desender_2022_exp2B_55,0.30946796760077977,autocorrelated
Desender_2022_exp2B,56,Desender_2022_exp2B_56,-0.13665657502697873,autocorrelated
Desender_2022_exp2B,57,Desender_2022_exp2B_57,0.16528033589899505,autocorrelated
Desender_2022_exp2B,58,Desender_2022_exp2B_58,0.8022178919398572,autocorrelated
Desender_2022_exp2B,59,Desender_2022_exp2B_59,-0.054259232076995796,autocorrelated
Desender_2022_exp2B,60,Desender_2022_exp2B_60,0.7655128109268615,autocorrelated
Desender_2022_exp2B,61,Desender_2022_exp2B_61,0.12033474085297388,autocorrelated
Desender_2022_exp2B,62,Desender_2022_exp2B_62,0.23113336925544162,autocorrelated
Desender_2022_exp2B,63,Desender_2022_exp2B_63,0.6317214075503047,autocorrelated
Desender_2022_exp2B,64,Desender_2022_exp2B_64,0.22713078205133183,autocorrelated
Desender_2022_exp2B,65,Desender_2022_exp2B_65,0.06903276452006986,autocorrelated
Desender_2022_exp2B,66,Desender_2022_exp2B_66,0.7947796884229057,autocorrelated
Desender_2022_exp2B,67,Desender_2022_exp2B_67,-0.43171084588428343,autocorrelated
Desender_2022_exp2B,68,Desender_2022_exp2B_68,0.591340661391731,autocorrelated
Desender_2022_exp2B,69,Desender_2022_exp2B_69,0.5174052966679146,autocorrelated
Desender_2022_exp2B,70,Desender_2022_exp2B_70,-0.5448097204644524,autocorrelated
Desender_2022_exp2B,71,Desender_2022_exp2B_71,0.8053751925635783,autocorrelated
Desender_2022_exp2B,72,Desender_2022_exp2B_72,0.7729337890491297,autocorrelated
Desender_2022_exp2B,73,Desender_2022_exp2B_73,0.796384208506126,autocorrelated
Desender_2022_exp2B,74,Desender_2022_exp2B_74,0.6452299854405937,autocorrelated
Desender_2022_exp2B,75,Desender_2022_exp2B_75,-0.19663138874454067,autocorrelated
Desender_2022_exp2B,76,Desender_2022_exp2B_76,0.3643954339122319,autocorrelated
Desender_2022_exp2B,77,Desender_2022_exp2B_77,-0.1864633224009074,autocorrelated
Desender_2022_exp2B,78,Desender_2022_exp2B_78,0.23522871229616385,autocorrelated
Desender_2022_exp2B,79,Desender_2022_exp2B_79,0.31201059311519524,autocorrelated
Desender_2022_exp2B,80,Desender_2022_exp2B_80,0.6840910009596851,autocorrelated
Desender_2022_exp2B,81,Desender_2022_exp2B_81,-0.2626069102519956,autocorrelated
Desender_2022_exp2B,82,Desender_2022_exp2B_82,0.11960948308936238,autocorrelated
Desender_2022_exp2B,83,Desender_2022_exp2B_83,0.5894867995307642,autocorrelated
Desender_2022_exp2B,84,Desender_2022_exp2B_84,0.51512409775893,autocorrelated
Desender_2022_exp2B,85,Desender_2022_exp2B_85,0.824665256932037,autocorrelated
Desender_2022_exp2B,86,Desender_2022_exp2B_86,0.8039395657828342,autocorrelated
Desender_2022_exp2B,87,Desender_2022_exp2B_87,0.6309303665601446,autocorrelated
Desender_2022_exp2B,88,Desender_2022_exp2B_88,0.25090284791306516,autocorrelated
Desender_2022_exp2B,89,Desender_2022_exp2B_89,0.5333919603945514,autocorrelated
Desender_2022_exp2B,90,Desender_2022_exp2B_90,-0.0847471736859599,autocorrelated
Desender_2022_exp2B,91,Desender_2022_exp2B_91,-0.6579228335981343,autocorrelated
Desender_2022_exp2B,92,Desender_2022_exp2B_92,0.8358079046089106,autocorrelated
Desender_2022_exp2B,93,Desender_2022_exp2B_93,0.7096886413480182,autocorrelated
Desender_2022_exp2B,94,Desender_2022_exp2B_94,0.8254893742365769,autocorrelated
Desender_2022_exp2B,95,Desender_2022_exp2B_95,0.40251252726414494,autocorrelated
Desender_2022_exp2B,96,Desender_2022_exp2B_96,-0.5002383294250146,autocorrelated
Desender_2022_exp2B,97,Desender_2022_exp2B_97,0.811171016795373,autocorrelated
Desender_2022_exp2B,98,Desender_2022_exp2B_98,0.6040593068111114,autocorrelated
Law_unpub,0,Law_unpub_0,0.9303432127195007,vanilla
Law_unpub,1,Law_unpub_1,0.17610300193928313,vanilla
Law_unpub,2,Law_unpub_2,0.6717551655274892,vanilla
Law_unpub,3,Law_unpub_3,0.9924445387880323,vanilla
Law_unpub,4,Law_unpub_4,0.7274989060610807,vanilla
Law_unpub,5,Law_unpub_5,0.6966930664461074,vanilla
Law_unpub,6,Law_unpub_6,0.22241826328872763,vanilla
Law_unpub,7,Law_unpub_7,0.9827566885749541,vanilla
Law_unpub,8,Law_unpub_8,0.13015648605982427,vanilla
Law_unpub,9,Law_unpub_9,0.8199587252454742,vanilla
Law_unpub,10,Law_unpub_10,-0.9150434541222878,vanilla
Law_unpub,11,Law_unpub_11,0.9269678149532045,vanilla
Law_unpub,12,Law_unpub_12,0.9602413640487825,vanilla
Law_unpub,13,Law_unpub_13,0.22754754551505824,vanilla
Law_unpub,0,Law_unpub_0,0.8848746341151245,variability
Law_unpub,1,Law_unpub_1,0.3996737627678453,variability
Law_unpub,2,Law_unpub_2,0.9458014316987314,variability
Law_unpub,3,Law_unpub_3,0.9791188770543922,variability
Law_unpub,4,Law_unpub_4,0.786623964168017,variability
Law_unpub,5,Law_unpub_5,0.7878941470022417,variability
Law_unpub,6,Law_unpub_6,0.9047648497417273,variability
Law_unpub,7,Law_unpub_7,0.981261358354556,variability
Law_unpub,8,Law_unpub_8,0.06989045894234464,variability
Law_unpub,9,Law_unpub_9,0.7527595504890586,variability
Law_unpub,10,Law_unpub_10,-0.27065119782245467,variability
Law_unpub,11,Law_unpub_11,0.9006584901327598,variability
Law_unpub,12,Law_unpub_12,0.9890634768429173,variability
Law_unpub,13,Law_unpub_13,0.1714784457707725,variability
Law_unpub,0,Law_unpub_0,0.3282442337377729,autocorrelated
Law_unpub,1,Law_unpub_1,0.8421942271045383,autocorrelated
Law_unpub,2,Law_unpub_2,0.8831246927167677,autocorrelated
Law_unpub,3,Law_unpub_3,0.9553369361153377,autocorrelated
Law_unpub,4,Law_unpub_4,0.8201669040363173,autocorrelated
Law_unpub,5,Law_unpub_5,0.18037299902032697,autocorrelated
Law_unpub,6,Law_unpub_6,0.43524614972293213,autocorrelated
Law_unpub,7,Law_unpub_7,0.9733009298963959,autocorrelated
Law_unpub,8,Law_unpub_8,-0.36330004872807875,autocorrelated
Law_unpub,9,Law_unpub_9,0.7073034073762716,autocorrelated
Law_unpub,10,Law_unpub_10,0.8961790081732461,autocorrelated
Law_unpub,11,Law_unpub_11,0.8463439594301695,autocorrelated
Law_unpub,12,Law_unpub_12,0.9885811255391916,autocorrelated
Law_unpub,13,Law_unpub_13,-0.4698196223117122,autocorrelated
Maniscalco_2017_expt2,0,Maniscalco_2017_expt2_0,-0.8826765614551545,vanilla
Maniscalco_2017_expt2,1,Maniscalco_2017_expt2_1,0.0765244786761146,vanilla
Maniscalco_2017_expt2,2,Maniscalco_2017_expt2_2,0.2947273426531458,vanilla
Maniscalco_2017_expt2,3,Maniscalco_2017_expt2_3,0.15560274148400197,vanilla
Maniscalco_2017_expt2,4,Maniscalco_2017_expt2_4,0.7052356534344613,vanilla
Maniscalco_2017_expt2,5,Maniscalco_2017_expt2_5,0.7459747716737661,vanilla
Maniscalco_2017_expt2,6,Maniscalco_2017_expt2_6,0.3878916366333183,vanilla
Maniscalco_2017_expt2,7,Maniscalco_2017_expt2_7,-0.742874044802485,vanilla
Maniscalco_2017_expt2,8,Maniscalco_2017_expt2_8,-0.16136020636952042,vanilla
Maniscalco_2017_expt2,9,Maniscalco_2017_expt2_9,-0.8183489314862724,vanilla
Maniscalco_2017_expt2,10,Maniscalco_2017_expt2_10,0.19799948879053017,vanilla
Maniscalco_2017_expt2,11,Maniscalco_2017_expt2_11,0.21370286347150771,vanilla
Maniscalco_2017_expt2,12,Maniscalco_2017_expt2_12,0.6353400333426785,vanilla
Maniscalco_2017_expt2,13,Maniscalco_2017_expt2_13,-0.10707739243296688,vanilla
Maniscalco_2017_expt2,14,Maniscalco_2017_expt2_14,0.8359481312250624,vanilla
Maniscalco_2017_expt2,15,Maniscalco_2017_expt2_15,0.9648348137734433,vanilla
Maniscalco_2017_expt2,16,Maniscalco_2017_expt2_16,0.7134694476371083,vanilla
Maniscalco_2017_expt2,17,Maniscalco_2017_expt2_17,0.8374807002412795,vanilla
Maniscalco_2017_expt2,18,Maniscalco_2017_expt2_18,0.8115471998107792,vanilla
Maniscalco_2017_expt2,19,Maniscalco_2017_expt2_19,0.8370111610419488,vanilla
Maniscalco_2017_expt2,20,Maniscalco_2017_expt2_20,-0.4109456859615352,vanilla
Maniscalco_2017_expt2,21,Maniscalco_2017_expt2_21,-0.31148339122939833,vanilla
Maniscalco_2017_expt2,22,Maniscalco_2017_expt2_22,0.2901428213129015,vanilla
Maniscalco_2017_expt2,23,Maniscalco_2017_expt2_23,0.9471277193536565,vanilla
Maniscalco_2017_expt2,24,Maniscalco_2017_expt2_24,0.4365019190075766,vanilla
Maniscalco_2017_expt2,25,Maniscalco_2017_expt2_25,0.3356318321279597,vanilla
Maniscalco_2017_expt2,26,Maniscalco_2017_expt2_26,0.8181427199199902,vanilla
Maniscalco_2017_expt2,27,Maniscalco_2017_expt2_27,-0.44143668178128914,vanilla
Maniscalco_2017_expt2,28,Maniscalco_2017_expt2_28,-0.21143178669953222,vanilla
Maniscalco_2017_expt2,29,Maniscalco_2017_expt2_29,0.8389701236838972,vanilla
Maniscalco_2017_expt2,30,Maniscalco_2017_expt2_30,0.5090171672035048,vanilla
Maniscalco_2017_expt2,31,Maniscalco_2017_expt2_31,0.08277755791441542,vanilla
Maniscalco_2017_expt2,32,Maniscalco_2017_expt2_32,0.963685036457859,vanilla
Maniscalco_2017_expt2,33,Maniscalco_2017_expt2_33,0.005069424813778035,vanilla
Maniscalco_2017_expt2,34,Maniscalco_2017_expt2_34,0.37471457224531063,vanilla
Maniscalco_2017_expt2,35,Maniscalco_2017_expt2_35,0.2822644838794813,vanilla
Maniscalco_2017_expt2,36,Maniscalco_2017_expt2_36,0.7388209623142428,vanilla
Maniscalco_2017_expt2,37,Maniscalco_2017_expt2_37,0.9297891788698982,vanilla
Maniscalco_2017_expt2,38,Maniscalco_2017_expt2_38,0.23368826137651583,vanilla
Maniscalco_2017_expt2,39,Maniscalco_2017_expt2_39,0.9137421145475463,vanilla
Maniscalco_2017_expt2,40,Maniscalco_2017_expt2_40,0.7566510267082632,vanilla
Maniscalco_2017_expt2,0,Maniscalco_2017_expt2_0,0.4276061712495186,variability
Maniscalco_2017_expt2,1,Maniscalco_2017_expt2_1,0.37985762621669644,variability
Maniscalco_2017_expt2,2,Maniscalco_2017_expt2_2,0.9202926748698966,variability
Maniscalco_2017_expt2,3,Maniscalco_2017_expt2_3,0.631666839449037,variability
Maniscalco_2017_expt2,4,Maniscalco_2017_expt2_4,0.4126121187777313,variability
Maniscalco_2017_expt2,5,Maniscalco_2017_expt2_5,0.9228067238952559,variability
Maniscalco_2017_expt2,6,Maniscalco_2017_expt2_6,0.9390034192714962,variability
Maniscalco_2017_expt2,7,Maniscalco_2017_expt2_7,0.8359853571958462,variability
Maniscalco_2017_expt2,8,Maniscalco_2017_expt2_8,0.5327835883741595,variability
Maniscalco_2017_expt2,9,Maniscalco_2017_expt2_9,0.1521327220787655,variability
Maniscalco_2017_expt2,10,Maniscalco_2017_expt2_10,-0.19415098018884733,variability
Maniscalco_2017_expt2,11,Maniscalco_2017_expt2_11,0.9415606265014201,variability
Maniscalco_2017_expt2,12,Maniscalco_2017_expt2_12,0.7777097464731307,variability
Maniscalco_2017_expt2,13,Maniscalco_2017_expt2_13,-0.31086749798659036,variability
Maniscalco_2017_expt2,14,Maniscalco_2017_expt2_14,0.9507087003051228,variability
Maniscalco_2017_expt2,15,Maniscalco_2017_expt2_15,0.9652155911695987,variability
Maniscalco_2017_expt2,16,Maniscalco_2017_expt2_16,0.9793506506237977,variability
Maniscalco_2017_expt2,17,Maniscalco_2017_expt2_17,0.8665604788968199,variability
Maniscalco_2017_expt2,18,Maniscalco_2017_expt2_18,0.7155889579740938,variability
Maniscalco_2017_expt2,19,Maniscalco_2017_expt2_19,0.8716605395013671,variability
Maniscalco_2017_expt2,20,Maniscalco_2017_expt2_20,-0.5435051103410822,variability
Maniscalco_2017_expt2,21,Maniscalco_2017_expt2_21,0.752834656192101,variability
Maniscalco_2017_expt2,22,Maniscalco_2017_expt2_22,0.918274347854653,variability
Maniscalco_2017_expt2,23,Maniscalco_2017_expt2_23,0.9669043589877824,variability
Maniscalco_2017_expt2,24,Maniscalco_2017_expt2_24,0.839878114159309,variability
Maniscalco_2017_expt2,25,Maniscalco_2017_expt2_25,0.5644600004753184,variability
Maniscalco_2017_expt2,26,Maniscalco_2017_expt2_26,0.8864397017592973,variability
Maniscalco_2017_expt2,27,Maniscalco_2017_expt2_27,0.2651463801500537,variability
Maniscalco_2017_expt2,28,Maniscalco_2017_expt2_28,0.680767643901082,variability
Maniscalco_2017_expt2,29,Maniscalco_2017_expt2_29,0.9130121127314339,variability
Maniscalco_2017_expt2,30,Maniscalco_2017_expt2_30,0.9736086766690923,variability
Maniscalco_2017_expt2,31,Maniscalco_2017_expt2_31,0.7876906114971894,variability
Maniscalco_2017_expt2,32,Maniscalco_2017_expt2_32,0.9833833519598484,variability
Maniscalco_2017_expt2,33,Maniscalco_2017_expt2_33,0.9396029209587233,variability
Maniscalco_2017_expt2,34,Maniscalco_2017_expt2_34,0.8619410807407378,variability
Maniscalco_2017_expt2,35,Maniscalco_2017_expt2_35,0.8698623049372457,variability
Maniscalco_2017_expt2,36,Maniscalco_2017_expt2_36,0.9689723918207048,variability
Maniscalco_2017_expt2,37,Maniscalco_2017_expt2_37,0.9552214539290697,variability
Maniscalco_2017_expt2,38,Maniscalco_2017_expt2_38,0.6849887349903897,variability
Maniscalco_2017_expt2,39,Maniscalco_2017_expt2_39,0.9169744115298754,variability
Maniscalco_2017_expt2,40,Maniscalco_2017_expt2_40,0.7411864161713895,variability
Maniscalco_2017_expt2,0,Maniscalco_2017_expt2_0,-0.23232427989910234,autocorrelated
Maniscalco_2017_expt2,1,Maniscalco_2017_expt2_1,0.8849739544073649,autocorrelated
Maniscalco_2017_expt2,2,Maniscalco_2017_expt2_2,0.8790088566090675,autocorrelated
Maniscalco_2017_expt2,3,Maniscalco_2017_expt2_3,-0.5155731984055615,autocorrelated
Maniscalco_2017_expt2,4,Maniscalco_2017_expt2_4,0.473693290126276,autocorrelated
Maniscalco_2017_expt2,5,Maniscalco_2017_expt2_5,0.5891997118327055,autocorrelated
Maniscalco_2017_expt2,6,Maniscalco_2017_expt2_6,0.8619844559869819,autocorrelated
Maniscalco_2017_expt2,7,Maniscalco_2017_expt2_7,0.6604242340386962,autocorrelated
Maniscalco_2017_expt2,8,Maniscalco_2017_expt2_8,-0.10681713096070072,autocorrelated
Maniscalco_2017_expt2,9,Maniscalco_2017_expt2_9,-0.5242378910099235,autocorrelated
Maniscalco_2017_expt2,10,Maniscalco_2017_expt2_10,0.22224159265953353,autocorrelated
Maniscalco_2017_expt2,11,Maniscalco_2017_expt2_11,0.9103179704425955,autocorrelated
Maniscalco_2017_expt2,12,Maniscalco_2017_expt2_12,0.41413186810750213,autocorrelated
Maniscalco_2017_expt2,13,Maniscalco_2017_expt2_13,-0.17096656295966453,autocorrelated
Maniscalco_2017_expt2,14,Maniscalco_2017_expt2_14,0.9480102509815752,autocorrelated
Maniscalco_2017_expt2,15,Maniscalco_2017_expt2_15,0.9774776079975798,autocorrelated
Maniscalco_2017_expt2,16,Maniscalco_2017_expt2_16,0.9805818673785307,autocorrelated
Maniscalco_2017_expt2,17,Maniscalco_2017_expt2_17,0.8635045024349902,autocorrelated
Maniscalco_2017_expt2,18,Maniscalco_2017_expt2_18,0.6874298223486301,autocorrelated
Maniscalco_2017_expt2,19,Maniscalco_2017_expt2_19,0.8868029879079331,autocorrelated
Maniscalco_2017_expt2,20,Maniscalco_2017_expt2_20,0.06628746672909591,autocorrelated
Maniscalco_2017_expt2,21,Maniscalco_2017_expt2_21,0.512514198347701,autocorrelated
Maniscalco_2017_expt2,22,Maniscalco_2017_expt2_22,0.8732192355359066,autocorrelated
Maniscalco_2017_expt2,23,Maniscalco_2017_expt2_23,0.8671468395489617,autocorrelated
Maniscalco_2017_expt2,24,Maniscalco_2017_expt2_24,0.43583842468330086,autocorrelated
Maniscalco_2017_expt2,25,Maniscalco_2017_expt2_25,0.5777412427128253,autocorrelated
Maniscalco_2017_expt2,26,Maniscalco_2017_expt2_26,0.6544773730874602,autocorrelated
Maniscalco_2017_expt2,27,Maniscalco_2017_expt2_27,0.5218014219720177,autocorrelated
Maniscalco_2017_expt2,28,Maniscalco_2017_expt2_28,-0.1377609996691288,autocorrelated
Maniscalco_2017_expt2,29,Maniscalco_2017_expt2_29,0.6215473468802609,autocorrelated
Maniscalco_2017_expt2,30,Maniscalco_2017_expt2_30,0.5840319885109021,autocorrelated
Maniscalco_2017_expt2,31,Maniscalco_2017_expt2_31,0.6996862721757183,autocorrelated
Maniscalco_2017_expt2,32,Maniscalco_2017_expt2_32,0.9563227177332919,autocorrelated
Maniscalco_2017_expt2,33,Maniscalco_2017_expt2_33,0.7401719029959375,autocorrelated
Maniscalco_2017_expt2,34,Maniscalco_2017_expt2_34,0.27346487184032775,autocorrelated
Maniscalco_2017_expt2,35,Maniscalco_2017_expt2_35,0.8805099136332947,autocorrelated
Maniscalco_2017_expt2,36,Maniscalco_2017_expt2_36,0.4647801854933831,autocorrelated
Maniscalco_2017_expt2,37,Maniscalco_2017_expt2_37,0.8356619907193709,autocorrelated
Maniscalco_2017_expt2,38,Maniscalco_2017_expt2_38,0.712529765050829,autocorrelated
Maniscalco_2017_expt2,39,Maniscalco_2017_expt2_39,0.3485318116244478,autocorrelated
Maniscalco_2017_expt2,40,Maniscalco_2017_expt2_40,-0.015060800137137537,autocorrelated
Shekhar_2021,0,Shekhar_2021_0,0.822733617734599,vanilla
Shekhar_2021,1,Shekhar_2021_1,0.5898875657110612,vanilla
Shekhar_2021,2,Shekhar_2021_2,0.6558582384574738,vanilla
Shekhar_2021,3,Shekhar_2021_3,-0.5968361696544892,vanilla
Shekhar_2021,4,Shekhar_2021_4,-0.7099944219322214,vanilla
Shekhar_2021,5,Shekhar_2021_5,0.4663142756270271,vanilla
Shekhar_2021,6,Shekhar_2021_6,0.9049394363450948,vanilla
Shekhar_2021,7,Shekhar_2021_7,-0.15006779263468234,vanilla
Shekhar_2021,8,Shekhar_2021_8,0.7165561793274042,vanilla
Shekhar_2021,9,Shekhar_2021_9,0.9550014943200167,vanilla
Shekhar_2021,10,Shekhar_2021_10,0.9849325103408932,vanilla
Shekhar_2021,11,Shekhar_2021_11,0.38076692657550776,vanilla
Shekhar_2021,12,Shekhar_2021_12,0.972361029563236,vanilla
Shekhar_2021,13,Shekhar_2021_13,0.9545744919968152,vanilla
Shekhar_2021,14,Shekhar_2021_14,0.9137290332337801,vanilla
Shekhar_2021,15,Shekhar_2021_15,0.8930294804748968,vanilla
Shekhar_2021,16,Shekhar_2021_16,0.8286129435970256,vanilla
Shekhar_2021,17,Shekhar_2021_17,-0.31102373843902087,vanilla
Shekhar_2021,18,Shekhar_2021_18,0.861249924596931,vanilla
Shekhar_2021,19,Shekhar_2021_19,0.9353926639652302,vanilla
Shekhar_2021,0,Shekhar_2021_0,0.8112632814435957,variability
Shekhar_2021,1,Shekhar_2021_1,0.5898088809261025,variability
Shekhar_2021,2,Shekhar_2021_2,0.7106611483126929,variability
Shekhar_2021,3,Shekhar_2021_3,-0.5058635579863643,variability
Shekhar_2021,4,Shekhar_2021_4,0.30229508227946256,variability
Shekhar_2021,5,Shekhar_2021_5,0.48651589425813807,variability
Shekhar_2021,6,Shekhar_2021_6,0.895477981204296,variability
Shekhar_2021,7,Shekhar_2021_7,-0.18423763374406196,variability
Shekhar_2021,8,Shekhar_2021_8,0.7310785302065543,variability
Shekhar_2021,9,Shekhar_2021_9,0.9785819099080721,variability
Shekhar_2021,10,Shekhar_2021_10,0.9802005881760538,variability
Shekhar_2021,11,Shekhar_2021_11,0.47323298754556836,variability
Shekhar_2021,12,Shekhar_2021_12,0.9771754509366589,variability
Shekhar_2021,13,Shekhar_2021_13,0.9545868092780949,variability
Shekhar_2021,14,Shekhar_2021_14,0.9205902333887995,variability
Shekhar_2021,15,Shekhar_2021_15,0.8982835821817968,variability
Shekhar_2021,16,Shekhar_2021_16,0.8146715632498416,variability
Shekhar_2021,17,Shekhar_2021_17,0.009674337471160002,variability
Shekhar_2021,18,Shekhar_2021_18,0.8449306131877028,variability
Shekhar_2021,19,Shekhar_2021_19,0.9231600985670098,variability
Shekhar_2021,0,Shekhar_2021_0,0.8354603899950815,autocorrelated
Shekhar_2021,1,Shekhar_2021_1,0.011451912106856508,autocorrelated
Shekhar_2021,2,Shekhar_2021_2,0.7152342260912112,autocorrelated
Shekhar_2021,3,Shekhar_2021_3,-0.3161067373210938,autocorrelated
Shekhar_2021,4,Shekhar_2021_4,-0.2503617961334336,autocorrelated
Shekhar_2021,5,Shekhar_2021_5,0.8009463682236796,autocorrelated
Shekhar_2021,6,Shekhar_2021_6,0.8498413926919084,autocorrelated
Shekhar_2021,7,Shekhar_2021_7,-0.19080397590810147,autocorrelated
Shekhar_2021,8,Shekhar_2021_8,0.6272428393503942,autocorrelated
Shekhar_2021,9,Shekhar_2021_9,0.9491305551012469,autocorrelated
Shekhar_2021,10,Shekhar_2021_10,0.9615091764358377,autocorrelated
Shekhar_2021,11,Shekhar_2021_11,0.6414655554544256,autocorrelated
Shekhar_2021,12,Shekhar_2021_12,0.982639138784567,autocorrelated
Shekhar_2021,13,Shekhar_2021_13,0.895103372814382,autocorrelated
Shekhar_2021,14,Shekhar_2021_14,0.9299261687166323,autocorrelated
Shekhar_2021,15,Shekhar_2021_15,0.8354679013672317,autocorrelated
Shekhar_2021,16,Shekhar_2021_16,0.8201772703272608,autocorrelated
Shekhar_2021,17,Shekhar_2021_17,-0.08235903635939582,autocorrelated
Shekhar_2021,18,Shekhar_2021_18,0.6102139351199545,autocorrelated
Shekhar_2021,19,Shekhar_2021_19,0.8328456748616312,autocorrelated
Zang_2026,0,Zang_2026_0,0.63100449925613,vanilla
Zang_2026,1,Zang_2026_1,0.0017050223845907508,vanilla
Zang_2026,2,Zang_2026_2,0.4548586644367732,vanilla
Zang_2026,3,Zang_2026_3,0.20511109367926642,vanilla
Zang_2026,4,Zang_2026_4,0.13083579355403868,vanilla
Zang_2026,5,Zang_2026_5,0.616730570523659,vanilla
Zang_2026,6,Zang_2026_6,0.16871378893792938,vanilla
Zang_2026,7,Zang_2026_7,0.6406220970643794,vanilla
Zang_2026,8,Zang_2026_8,0.7053558534147426,vanilla
Zang_2026,9,Zang_2026_9,0.19515173879990613,vanilla
Zang_2026,10,Zang_2026_10,0.5611355976458676,vanilla
Zang_2026,11,Zang_2026_11,0.6520259684999989,vanilla
Zang_2026,12,Zang_2026_12,0.8694926532747135,vanilla
Zang_2026,0,Zang_2026_0,0.6168141235571745,variability
Zang_2026,1,Zang_2026_1,0.2096349363508871,variability
Zang_2026,2,Zang_2026_2,0.6057157410541163,variability
Zang_2026,3,Zang_2026_3,0.3083034227589653,variability
Zang_2026,4,Zang_2026_4,0.13310012825540493,variability
Zang_2026,5,Zang_2026_5,0.7004866494448022,variability
Zang_2026,6,Zang_2026_6,0.4633042927295808,variability
Zang_2026,7,Zang_2026_7,0.5961304348329697,variability
Zang_2026,8,Zang_2026_8,0.7525769452810411,variability
Zang_2026,9,Zang_2026_9,0.31282340696682764,variability
Zang_2026,10,Zang_2026_10,0.5513455953114993,variability
Zang_2026,11,Zang_2026_11,0.6029550453857624,variability
Zang_2026,12,Zang_2026_12,0.8565512187114331,variability
Zang_2026,0,Zang_2026_0,0.6161923790161868,autocorrelated
Zang_2026,1,Zang_2026_1,0.29240727071019207,autocorrelated
Zang_2026,2,Zang_2026_2,0.7495881904572,autocorrelated
Zang_2026,3,Zang_2026_3,0.9203165683937709,autocorrelated
Zang_2026,4,Zang_2026_4,0.05336586668825269,autocorrelated
Zang_2026,5,Zang_2026_5,0.6126461041882738,autocorrelated
Zang_2026,6,Zang_2026_6,0.5604306421797512,autocorrelated
Zang_2026,7,Zang_2026_7,0.5244430742529879,autocorrelated
Zang_2026,8,Zang_2026_8,0.616234301789384,autocorrelated
Zang_2026,9,Zang_2026_9,0.20963278825485354,autocorrelated
Zang_2026,10,Zang_2026_10,0.5548751511164318,autocorrelated
Zang_2026,11,Zang_2026_11,0.5374185666316909,autocorrelated
Zang_2026,12,Zang_2026_12,0.8511424600740474,autocorrelated
